[
  {
    "name": "Bitcoin",
    "symbol": "BTC",
    "price": 26750.23014790983,
    "address": null
  },
  {
    "name": "Ethereum",
    "symbol": "ETH",
    "price": 1822.0759633532728,
    "address": null
  },
  {
    "name": "Tether",
    "symbol": "USDT",
    "price": 1.0001052101677506,
    "address": "0xdac17f958d2ee523a2206206994597c13d831ec7"
  },
  {
    "name": "BNB",
    "symbol": "BNB",
    "price": 308.5577916605661,
    "address": null
  },
  {
    "name": "USD Coin",
    "symbol": "USDC",
    "price": 0.999904539425669,
    "address": "0xa0b86991c6218b36c1d19d4a2e9eb0ce3606eb48"
  },
  {
    "name": "XRP",
    "symbol": "XRP",
    "price": 0.45939437251158755,
    "address": null
  },
  {
    "name": "Cardano",
    "symbol": "ADA",
    "price": 0.36511438173962674,
    "address": null
  },
  {
    "name": "Dogecoin",
    "symbol": "DOGE",
    "price": 0.07131120824382527,
    "address": null
  },
  {
    "name": "Polygon",
    "symbol": "MATIC",
    "price": 0.8732934276519534,
    "address": null
  },
  {
    "name": "Solana",
    "symbol": "SOL",
    "price": 19.518210186543055,
    "address": null
  },
  {
    "name": "TRON",
    "symbol": "TRX",
    "price": 0.07802972996800929,
    "address": null
  },
  {
    "name": "Litecoin",
    "symbol": "LTC",
    "price": 86.73934382715632,
    "address": null
  },
  {
    "name": "Polkadot",
    "symbol": "DOT",
    "price": 5.308444901746707,
    "address": null
  },
  {
    "name": "Binance USD",
    "symbol": "BUSD",
    "price": 0.9999388967881451,
    "address": "BUSD-BD1"
  },
  {
    "name": "Shiba Inu",
    "symbol": "SHIB",
    "price": 0.000008670607528303115,
    "address": "0x95ad61b0a150d79219dcf64e1e6cc01f0b64c4ce"
  },
  {
    "name": "Dai",
    "symbol": "DAI",
    "price": 0.9996578622781859,
    "address": "0x6b175474e89094c44da98b954eedeac495271d0f"
  },
  {
    "name": "Avalanche",
    "symbol": "AVAX",
    "price": 14.3770611299964,
    "address": null
  },
  {
    "name": "Wrapped Bitcoin",
    "symbol": "WBTC",
    "price": 26785.0695525125,
    "address": "0x2260fac5e5542a773aa44fbcfedf7c193bc2c599"
  },
  {
    "name": "UNUS SED LEO",
    "symbol": "LEO",
    "price": 3.5743903331920177,
    "address": "0x2af5d2ad76741191d15dfe7bf6ac92d4bd912ca3"
  },
  {
    "name": "Chainlink",
    "symbol": "LINK",
    "price": 6.356380775352134,
    "address": "0x514910771af9ca656af840dff83e8264ecf986ca"
  },
  {
    "name": "Cosmos",
    "symbol": "ATOM",
    "price": 10.391320879986395,
    "address": null
  },
  {
    "name": "Uniswap",
    "symbol": "UNI",
    "price": 4.972836467198671,
    "address": "0x1f9840a85d5af5bf1d1762f925bdaddc4201f984"
  },
  {
    "name": "Monero",
    "symbol": "XMR",
    "price": 149.91559797853495,
    "address": null
  },
  {
    "name": "OKB",
    "symbol": "OKB",
    "price": 45.662761884684016,
    "address": "0x75231f58b43240c9718dd58b4967c5114342a86c"
  },
  {
    "name": "Ethereum Classic",
    "symbol": "ETC",
    "price": 18.06361439896785,
    "address": null
  },
  {
    "name": "Toncoin",
    "symbol": "TON",
    "price": 1.9703010055294568,
    "address": null
  },
  {
    "name": "Stellar",
    "symbol": "XLM",
    "price": 0.08767352252220033,
    "address": null
  },
  {
    "name": "Bitcoin Cash",
    "symbol": "BCH",
    "price": 112.86144818930907,
    "address": null
  },
  {
    "name": "Internet Computer",
    "symbol": "ICP",
    "price": 4.912126238971967,
    "address": null
  },
  {
    "name": "TrueUSD",
    "symbol": "TUSD",
    "price": 0.9999170983324989,
    "address": "0x0000000000085d4780B73119b644AE5ecd22b376"
  },
  {
    "name": "Filecoin",
    "symbol": "FIL",
    "price": 4.434398096156854,
    "address": null
  },
  {
    "name": "Lido DAO",
    "symbol": "LDO",
    "price": 1.9605029506668687,
    "address": "0x5a98fcbea516cf06857215779fd812ca3bef1b32"
  },
  {
    "name": "Aptos",
    "symbol": "APT",
    "price": 8.306936243540187,
    "address": "0x1::aptos_coin::AptosCoin"
  },
  {
    "name": "Hedera",
    "symbol": "HBAR",
    "price": 0.051050306385266246,
    "address": null
  },
  {
    "name": "Cronos",
    "symbol": "CRO",
    "price": 0.06079182713559437,
    "address": "0xa0b73e1ff0b80914ab6fe0444e65848c4c34450b"
  },
  {
    "name": "NEAR Protocol",
    "symbol": "NEAR",
    "price": 1.6015984174118432,
    "address": null
  },
  {
    "name": "Arbitrum",
    "symbol": "ARB",
    "price": 1.1232952429373901,
    "address": "0x912CE59144191C1204E64559FE8253a0e49E6548"
  },
  {
    "name": "VeChain",
    "symbol": "VET",
    "price": 0.01922096653913703,
    "address": null
  },
  {
    "name": "ApeCoin",
    "symbol": "APE",
    "price": 3.5126206504119,
    "address": "0x4d224452801aced8b2f0aebe155379bb5d594381"
  },
  {
    "name": "Quant",
    "symbol": "QNT",
    "price": 101.87146889840065,
    "address": "0x4a220e6096b25eadb88358cb44068a3248254675"
  },
  {
    "name": "Algorand",
    "symbol": "ALGO",
    "price": 0.1585170913869958,
    "address": null
  },
  {
    "name": "The Graph",
    "symbol": "GRT",
    "price": 0.11721729901385178,
    "address": "0xc944e90c64b2c07662a292be6244bdf05cda44a7"
  },
  {
    "name": "Pax Dollar",
    "symbol": "USDP",
    "price": 0.9908997804428955,
    "address": "0x8e870d67f660d95d5be530380d0ec0bd388289e1"
  },
  {
    "name": "Fantom",
    "symbol": "FTM",
    "price": 0.3569951154781317,
    "address": null
  },
  {
    "name": "BitDAO",
    "symbol": "BIT",
    "price": 0.5241394466853577,
    "address": "0x1A4b46696b2bB4794Eb3D4c26f1c55F9170fa4C5"
  },
  {
    "name": "Render Token",
    "symbol": "RNDR",
    "price": 2.570338257209704,
    "address": "0x6de037ef9ad2725eb40118bb1702ebb27e4aeb24"
  },
  {
    "name": "Aave",
    "symbol": "AAVE",
    "price": 64.10850366205194,
    "address": "0x7Fc66500c84A76Ad7e9c93437bFc5Ac33E2DDaE9"
  },
  {
    "name": "EOS",
    "symbol": "EOS",
    "price": 0.8441209454692628,
    "address": null
  },
  {
    "name": "MultiversX",
    "symbol": "EGLD",
    "price": 36.17615734070933,
    "address": null
  },
  {
    "name": "Rocket Pool",
    "symbol": "RPL",
    "price": 47.44343493924642,
    "address": "0xd33526068d116ce69f19a9ee46f0bd304f21a51f"
  },
  {
    "name": "The Sandbox",
    "symbol": "SAND",
    "price": 0.4948019424918158,
    "address": "0x3845badAde8e6dFF049820680d1F14bD3903a5d0"
  },
  {
    "name": "Conflux",
    "symbol": "CFX",
    "price": 0.3076404398039015,
    "address": null
  },
  {
    "name": "Decentraland",
    "symbol": "MANA",
    "price": 0.46442704763209497,
    "address": "0x0f5d2fb29fb7d3cfee444a200298f468908cc942"
  },
  {
    "name": "Theta Network",
    "symbol": "THETA",
    "price": 0.849258588540311,
    "address": null
  },
  {
    "name": "Stacks",
    "symbol": "STX",
    "price": 0.6113558004146294,
    "address": null
  },
  {
    "name": "Tezos",
    "symbol": "XTZ",
    "price": 0.8787915188211042,
    "address": null
  },
  {
    "name": "Axie Infinity",
    "symbol": "AXS",
    "price": 6.736283131972756,
    "address": "0xbb0e17ef65f82ab018d8edd776e8dd940327b28b"
  },
  {
    "name": "Flow",
    "symbol": "FLOW",
    "price": 0.7450089351999096,
    "address": null
  },
  {
    "name": "Neo",
    "symbol": "NEO",
    "price": 10.494005112378348,
    "address": null
  },
  {
    "name": "USDD",
    "symbol": "USDD",
    "price": 0.9983346745888654,
    "address": "0x0c10bf8fcb7bf5412187a595ab97a3609160b5c6"
  },
  {
    "name": "Chiliz",
    "symbol": "CHZ",
    "price": 0.10252951000733315,
    "address": "0x3506424f91fd33084466f402d5d97f05f8e3b4af"
  },
  {
    "name": "KuCoin Token",
    "symbol": "KCS",
    "price": 7.349223109358438,
    "address": "0xf34960d9d60be18cc1d5afc1a6f012a723a28811"
  },
  {
    "name": "Curve DAO Token",
    "symbol": "CRV",
    "price": 0.8532205202579454,
    "address": "0xD533a949740bb3306d119CC777fa900bA034cd52"
  },
  {
    "name": "Immutable",
    "symbol": "IMX",
    "price": 0.7519625660073289,
    "address": "0xf57e7e7c23978c3caec3c3548e3d615c346e79ff"
  },
  {
    "name": "Synthetix",
    "symbol": "SNX",
    "price": 2.471387559934536,
    "address": "0xc011a73ee8576fb46f5e1c5751ca3b9fe0af2a6f"
  },
  {
    "name": "Kava",
    "symbol": "KAVA",
    "price": 1.2005582727872157,
    "address": "0x0C356B7fD36a5357E5A017EF11887ba100C9AB76"
  },
  {
    "name": "Bitcoin SV",
    "symbol": "BSV",
    "price": 32.29501796823992,
    "address": null
  },
  {
    "name": "Maker",
    "symbol": "MKR",
    "price": 622.6474894400436,
    "address": "0x9f8f72aa9304c8b593d555f12ef6589cc3a579a2"
  },
  {
    "name": "Pepe",
    "symbol": "PEPE",
    "price": 0.0000014772175664023872,
    "address": "0x6982508145454ce325ddbe47a25d4ec3d2311933"
  },
  {
    "name": "Gemini Dollar",
    "symbol": "GUSD",
    "price": 0.9949453068998391,
    "address": "0x056Fd409E1d7A124BD7017459dFEa2F387b6d5Cd"
  },
  {
    "name": "BitTorrent(New)",
    "symbol": "BTT",
    "price": 5.961628196212975e-7,
    "address": "TAFjULxiVgT4qWk6UZwjqwZXTSaGaqnVp4"
  },
  {
    "name": "Klaytn",
    "symbol": "KLAY",
    "price": 0.18209887327361585,
    "address": null
  },
  {
    "name": "Optimism",
    "symbol": "OP",
    "price": 1.6106024177104312,
    "address": "0x4200000000000000000000000000000000000042"
  },
  {
    "name": "Injective",
    "symbol": "INJ",
    "price": 6.6475831326101105,
    "address": "0xe28b3b32b6c345a34ff64674606124dd5aceca30"
  },
  {
    "name": "IOTA",
    "symbol": "MIOTA",
    "price": 0.19080462420322145,
    "address": null
  },
  {
    "name": "Casper",
    "symbol": "CSPR",
    "price": 0.04770205880951056,
    "address": null
  },
  {
    "name": "PAX Gold",
    "symbol": "PAXG",
    "price": 1982.4254965285581,
    "address": "0x45804880de22913dafe09f4980848ece6ecbaf78"
  },
  {
    "name": "Sui",
    "symbol": "SUI",
    "price": 0.9851711985203004,
    "address": "0x2::sui::SUI"
  },
  {
    "name": "Zcash",
    "symbol": "ZEC",
    "price": 31.64330254775328,
    "address": null
  },
  {
    "name": "Terra Classic",
    "symbol": "LUNC",
    "price": 0.00008745557457325731,
    "address": null
  },
  {
    "name": "Mina",
    "symbol": "MINA",
    "price": 0.5601214089149743,
    "address": null
  },
  {
    "name": "Huobi Token",
    "symbol": "HT",
    "price": 3.1112007619806072,
    "address": "0x6f259637dcd74c767781e37bc6133cd6a68aa161"
  },
  {
    "name": "Frax Share",
    "symbol": "FXS",
    "price": 6.869846875454752,
    "address": "0x3432b6a60d23ca0dfca7761b7ab56459d9c964d0"
  },
  {
    "name": "eCash",
    "symbol": "XEC",
    "price": 0.000025178790452821597,
    "address": null
  },
  {
    "name": "GMX",
    "symbol": "GMX",
    "price": 55.6094758744419,
    "address": "0xfc5a1a6eb076a2c7ad06ed22c90d7e710e35ad0a"
  },
  {
    "name": "Dash",
    "symbol": "DASH",
    "price": 41.911126411491466,
    "address": null
  },
  {
    "name": "GateToken",
    "symbol": "GT",
    "price": 4.828924191823698,
    "address": "0xe66747a101bff2dba3697199dcce5b743b454759"
  },
  {
    "name": "Trust Wallet Token",
    "symbol": "TWT",
    "price": 1.0834900319913532,
    "address": "0x4b0f1812e5df2a09796481ff14017e6005508003"
  },
  {
    "name": "Flare",
    "symbol": "FLR",
    "price": 0.02742882281520967,
    "address": null
  },
  {
    "name": "XDC Network",
    "symbol": "XDC",
    "price": 0.030945102833538064,
    "address": null
  },
  {
    "name": "Loopring",
    "symbol": "LRC",
    "price": 0.2881794566439037,
    "address": "0xbbbbca6a901c926f240b89eacb641d8aec7aeafd"
  },
  {
    "name": "Nexo",
    "symbol": "NEXO",
    "price": 0.6719791562002505,
    "address": "0xb62132e35a6c13ee1ee0f84dc5d40bad8d815206"
  },
  {
    "name": "THORChain",
    "symbol": "RUNE",
    "price": 1.1114719085741247,
    "address": "RUNE-B1A"
  },
  {
    "name": "Zilliqa",
    "symbol": "ZIL",
    "price": 0.023089812059212775,
    "address": null
  },
  {
    "name": "WOO Network",
    "symbol": "WOO",
    "price": 0.20793473502691096,
    "address": "0x4691937a7508860f876c9c0a2a617e7d9e945d4b"
  },
  {
    "name": "Convex Finance",
    "symbol": "CVX",
    "price": 4.49612743623258,
    "address": "0x4e3fbd56cd56c3e72c1403e103b45db9da5b9d2b"
  },
  {
    "name": "PancakeSwap",
    "symbol": "CAKE",
    "price": 1.7090941919480012,
    "address": "0x0e09fabb73bd3ade0a17ecc321fd13a19e81ce82"
  },
  {
    "name": "Enjin Coin",
    "symbol": "ENJ",
    "price": 0.33201037374116205,
    "address": "0xf629cbd94d3791c9250152bd8dfbdf380e2a3b9c"
  },
  {
    "name": "Basic Attention Token",
    "symbol": "BAT",
    "price": 0.21840493424333746,
    "address": "0x0d8775f648430679a709e98d2b0cb6250d2887ef"
  },
  {
    "name": "Mask Network",
    "symbol": "MASK",
    "price": 4.049203361109217,
    "address": "0x69af81e73a73b40adf4f3d4223cd9b1ece623074"
  }
]
